{"checkpoint/final_sampler_remote_path":"tinker://c3abdee8-ae48-4c9c-954a-ee1b212f08a5/sampler_weights/0934a4d8-000001","train/nll":0.7863607218843789,"_timestamp":1.761936869318343e+09,"train/epoch":1,"train/step":1,"epoch/time_sec":9.00550889968872,"epoch/index":1,"_step":1,"train/lr":0.0005,"checkpoint/final_local_path":"./test_time_finetuning/test_time_run/0934a4d8/0934a4d8_step_1.json","checkpoint/final_train_remote_path":"tinker://c3abdee8-ae48-4c9c-954a-ee1b212f08a5/weights/0934a4d8-000001","_wandb":{"runtime":16},"_runtime":16.999897292,"epoch/avg_loss":0.7863607218843789}