{"_wandb":{"runtime":14},"_timestamp":1.761937433384676e+09,"checkpoint/final_sampler_remote_path":"tinker://c6fcc15a-a54d-4575-bdb5-5fc1ab9af004/sampler_weights/135a2760-000001","train/epoch":1,"train/nll":0.05131200190129257,"checkpoint/final_train_remote_path":"tinker://c6fcc15a-a54d-4575-bdb5-5fc1ab9af004/weights/135a2760-000001","_runtime":14.139315875,"train/lr":0.0005,"train/step":1,"epoch/index":1,"epoch/avg_loss":0.05131200190129257,"_step":1,"epoch/time_sec":4.77045464515686,"checkpoint/final_local_path":"./test_time_finetuning/test_time_run/135a2760/135a2760_step_1.json"}