{"_wandb":{"runtime":14},"checkpoint/final_sampler_remote_path":"tinker://d663a9de-ae33-450f-aa99-6abb3222f8fb/sampler_weights/0934a4d8-000001","checkpoint/final_local_path":"./test_time_finetuning/test_time_run/0934a4d8/0934a4d8_step_1.json","_runtime":14.995357291,"_step":1,"train/lr":0.0005,"checkpoint/final_train_remote_path":"tinker://d663a9de-ae33-450f-aa99-6abb3222f8fb/weights/0934a4d8-000001","epoch/avg_loss":0.7863607218843789,"train/epoch":1,"train/nll":0.7863607218843789,"epoch/time_sec":8.513878107070923,"train/step":1,"_timestamp":1.761937409304854e+09,"epoch/index":1}