{"train/epoch":5,"train/step":5,"_step":5,"checkpoint/final_train_remote_path":"tinker://a3178e65-2789-4727-a336-74d6ccdfc4dc/weights/0934a4d8-000005","train/nll":0.3228736492282165,"_timestamp":1.76193971606577e+09,"epoch/index":5,"epoch/avg_loss":0.3228736492282165,"_wandb":{"runtime":50},"_runtime":50.139218458,"train/lr":9.999999999999998e-05,"epoch/time_sec":8.372480869293213,"checkpoint/final_sampler_remote_path":"tinker://a3178e65-2789-4727-a336-74d6ccdfc4dc/sampler_weights/0934a4d8-000005","checkpoint/final_local_path":"./test_time_finetuning/test_time_run_3/0934a4d8/0934a4d8_step_5.json"}