{"train/lr":0.0005,"epoch/index":1,"checkpoint/final_local_path":"./test_time_finetuning/test_time_run/0934a4d8/0934a4d8_step_1.json","checkpoint/final_sampler_remote_path":"tinker://ed6bcef5-52b8-4248-9d5f-ac537e49e9bd/sampler_weights/0934a4d8-000001","_wandb":{"runtime":106},"train/epoch":1,"_runtime":106.523243167,"train/nll":0.635531464420862,"_timestamp":1.76193490225024e+09,"train/step":1,"checkpoint/final_train_remote_path":"tinker://ed6bcef5-52b8-4248-9d5f-ac537e49e9bd/weights/0934a4d8-000001","_step":1,"epoch/avg_loss":0.635531464420862,"epoch/time_sec":320.44463992118835}