{"_step":1,"train/nll":0.635531464420862,"_wandb":{"runtime":58},"checkpoint/final_train_remote_path":"tinker://cb43f2b6-37aa-481d-a3fb-9026386ce025/weights/0934a4d8-000001","train/epoch":1,"epoch/index":1,"train/lr":0.0005,"train/step":1,"checkpoint/final_sampler_remote_path":"tinker://cb43f2b6-37aa-481d-a3fb-9026386ce025/sampler_weights/0934a4d8-000001","epoch/avg_loss":0.635531464420862,"_runtime":58.769443459,"_timestamp":1.761935419440265e+09,"epoch/time_sec":28.589340209960938,"checkpoint/final_local_path":"./test_time_finetuning/test_time_run/0934a4d8/0934a4d8_step_1.json"}