{"checkpoint/final_train_remote_path":"tinker://18bd3145-0abd-4e47-ab24-b057f740066a/weights/135a2760-000005","_wandb":{"runtime":128},"_runtime":128.71904225,"epoch/avg_loss":0.0006890389797431775,"train/nll":0.0006890389797431775,"checkpoint/final_sampler_remote_path":"tinker://18bd3145-0abd-4e47-ab24-b057f740066a/sampler_weights/135a2760-000005","epoch/time_sec":12.33486795425415,"epoch/index":5,"train/step":5,"_step":5,"train/lr":9.999999999999998e-05,"train/epoch":5,"_timestamp":1.76188186636297e+09,"checkpoint/final_local_path":"./test_time_finetuning/test_time_run/135a2760/135a2760_step_5.json"}