{"_timestamp":1.761938217392511e+09,"epoch/index":5,"train/lr":9.999999999999998e-05,"train/step":5,"train/nll":0.3346768558060851,"train/epoch":5,"epoch/avg_loss":0.3346768558060851,"checkpoint/final_sampler_remote_path":"tinker://420a8a4d-ec11-48da-bff3-466f8833945b/sampler_weights/0934a4d8-000005","_runtime":54.718145375,"epoch/time_sec":9.044268608093262,"_wandb":{"runtime":54},"_step":5,"checkpoint/final_train_remote_path":"tinker://420a8a4d-ec11-48da-bff3-466f8833945b/weights/0934a4d8-000005","checkpoint/final_local_path":"./test_time_finetuning/test_time_run_2/0934a4d8/0934a4d8_step_5.json"}