{"train/nll":0.635531464420862,"epoch/avg_loss":0.635531464420862,"_runtime":53.915895167,"_step":1,"checkpoint/final_train_remote_path":"tinker://372996d0-d87f-46ea-980c-32a1be9be155/weights/0934a4d8-000001","checkpoint/final_sampler_remote_path":"tinker://372996d0-d87f-46ea-980c-32a1be9be155/sampler_weights/0934a4d8-000001","epoch/time_sec":24.0642511844635,"train/lr":0.0005,"train/step":1,"_timestamp":1.761933370870379e+09,"_wandb":{"runtime":53},"train/epoch":1,"epoch/index":1,"checkpoint/final_local_path":"./test_time_finetuning/test_time_run/0934a4d8/0934a4d8_step_1.json"}