{"train/lr":9.999999999999998e-05,"train/nll":0.024296560555461793,"train/step":5,"_step":5,"checkpoint/final_local_path":"./test_time_finetuning/test_time_run/136b0064/136b0064_step_5.json","_wandb":{"runtime":95},"epoch/avg_loss":0.024296560555461793,"epoch/time_sec":12.809820890426636,"checkpoint/final_train_remote_path":"tinker://d68055f5-2e40-4bab-9a56-fb6095e309c3/weights/136b0064-000005","_runtime":95.19402475,"epoch/index":5,"_timestamp":1.761881979071153e+09,"checkpoint/final_sampler_remote_path":"tinker://d68055f5-2e40-4bab-9a56-fb6095e309c3/sampler_weights/136b0064-000005","train/epoch":5}