{"checkpoint/final_train_remote_path":"tinker://24a0ddd6-3f9b-4414-9b23-88138c7db661/weights/0934a4d8-000005","checkpoint/final_sampler_remote_path":"tinker://24a0ddd6-3f9b-4414-9b23-88138c7db661/sampler_weights/0934a4d8-000005","train/lr":9.999999999999998e-05,"_wandb":{"runtime":172},"checkpoint/final_local_path":"./test_time_finetuning/test_time_run/0934a4d8/0934a4d8_step_5.json","train/step":5,"train/epoch":5,"epoch/time_sec":20.731511116027832,"_runtime":172.159010125,"epoch/avg_loss":0.10824600816241801,"epoch/index":5,"_timestamp":1.761881725484618e+09,"_step":5,"train/nll":0.10824600816241801}