{"_timestamp":1.761940617700481e+09,"epoch/avg_loss":0.09216836328484716,"train/epoch":10,"_wandb":{"runtime":91},"train/nll":0.09216836328484716,"checkpoint/final_sampler_remote_path":"tinker://b31c7dbe-4491-46b2-b2c6-dc232c568f64/sampler_weights/0934a4d8-000010","train/lr":4.999999999999999e-05,"epoch/time_sec":8.546174049377441,"checkpoint/final_local_path":"./test_time_finetuning/test_time_run_3/0934a4d8/0934a4d8_step_10.json","checkpoint/final_train_remote_path":"tinker://b31c7dbe-4491-46b2-b2c6-dc232c568f64/weights/0934a4d8-000010","train/step":10,"_step":10,"epoch/index":10,"_runtime":91.837319083}