{"train/step":5,"checkpoint/final_train_remote_path":"tinker://a30a7060-2836-4905-9d9e-0c5eef6c00f3/weights/0934a4d8-000005","checkpoint/final_local_path":"./test_time_finetuning/test_time_run_2/0934a4d8/0934a4d8_step_5.json","train/lr":9.999999999999998e-05,"_runtime":55.306123375,"epoch/index":5,"_timestamp":1.76193857887342e+09,"epoch/time_sec":8.5497567653656,"checkpoint/final_sampler_remote_path":"tinker://a30a7060-2836-4905-9d9e-0c5eef6c00f3/sampler_weights/0934a4d8-000005","_wandb":{"runtime":55},"_step":5,"train/epoch":5,"epoch/avg_loss":0.33293631174108845,"train/nll":0.33293631174108845}